{
    "Acanthodis curvidens": 0.099941,
    "Aegimia elongata": 0.9249220360360362,
    "Anapolisia colosseum": 1.972405172413793,
    "Balboana tibialis": 0.1372524050632912,
    "Bucrates capitatus": 1.2246857142857142,
    "Ceraia mytra": 0.06659558139534885,
    "Chloroscirtus discocercus": 0.13608730769230765,
    "Cocconotus banksi": 0.06368210526315787,
    "Cocconotus wheeleri": 0.24620560747663553,
    "Cocconotus wheeleri-degeeri": 0.21830769230769229,
    "Copiphora Brevostris": 0.025846774193548392,
    "Copiphora brevirostris": 0.03300690721649484,
    "Docidocercus gigliotosi": 0.11820964028776985,
    "Dolichorcercus latipennis": 0.3330277777777778,
    "Ectemna dumicola": 0.46022342682926837,
    "Erioloides sp": 1.5585965000000004,
    "Erlioloides longipennis": 0.7106266666666666,
    "Eubliastes pollonerae": 0.05764131313131312,
    "Hyperphrona sp": 0.009069999999999998,
    "Idiarthron": 0.04634984,
    "Lamprophyllum bugabae": 0.6069409230769233,
    "Lamprophyllum micans": 0.892993181818182,
    "Neoconocephalus affins": 14.752365000000001, 
    "Orophus sp": 0.06609882051282051,
    "Philophyllia guttulata": 0.094232,
    "Philophyllia ingens": 0.01010777777777778,
    "Phylloptera dimidiata": 0.020638518518518507,
    "Phylloptera festae": 0.025534148148148146,
    "Phylloptera panamae": 0.014858450704225356,
    "Pycnopalpa bicordata": 0.03288595238095238,
    "Steirodon stalii": 0.2165900882352941,
    "Subria sylvestris": 0.12485909677419355,
    "Vestria punctata": 0.04713842105263158,
    "Viadana zetterstedti": 0.008599542682926823
}
