{
    "Acanthodis curvidens": [
        0.099941,
        0.0032907304153738685
    ],
    "Aegimia elongata": [
        0.9249220360360361,
        0.5627355553008717
    ],
    "Anapolisia colosseum": [
        1.9724051724137932,
        0.6517182399786272
    ],
    "Arota festae": [
        0.040,
        0.010
    ],
    "Balboana tibialis": [
        0.13725240506329114,
        0.028750368635103322
    ],
    "Bucrates capitatus": [
        1.2246857142857142,
        0.36592045349462815
    ],
    "Ceraia mytra": [
        0.06659558139534884,
        0.010175819522940407
    ],
    "Chloroscirtus discocercus": [
        0.1360873076923077,
        0.0173183047559755
    ],
    "Cocconotus banksi": [
        0.06368210526315789,
        0.0014082399533040784
    ],
    "Cocconotus wheeleri": [
        0.24620560747663553,
        0.08144655595968149
    ],
    "Cocconotus wheeleri-degeeri": [
        0.21830769230769229,
        0.0842530255106148
    ],
    "Copiphora Brevostris": [
        0.02584677419354839,
        0.00358082242610714
    ],
    "Copiphora brevirostris": [
        0.033006907216494845,
        0.009708586405945935
    ],
    "Docidocercus gigliotosi": [
        0.11820964028776978,
        0.1183150666861247
    ],
    "Dolichorcercus latipennis": [
        0.3330277777777778,
        0.026500139967567223
    ],
    "Ectemna dumicola": [
        0.46022342682926826,
        0.08994427929077288
    ],
    "Erioloides sp": [
        1.5585965,
        0.2071991120220305
    ],
    "Erlioloides longipennis": [
        0.7106266666666666,
        0.1173619521374956
    ],
    "Eubliastes pollonerae": [
        0.05764131313131313,
        0.004116022611167502
    ],
    "Hyperphrona sp": [
        0.00907,
        0.002172095762161512
    ],
    "Idiarthron": [
        0.04634984,
        0.0015958677806551939
    ],
    "Lamprophyllum bugabae": [
        0.606940923076923,
        0.07391490257923906
    ],
    "Lamprophyllum micans": [
        0.8929931818181818,
        0.06345958024226375
    ],
    "Neoconocephalus affins": [
        14.752365,
        4.488819260596265
    ],
    "Orophus sp": [
        0.06609882051282051,
        0.021811432390850007
    ],
    "Philophyllia guttulata": [
        0.094232,
        0.0793184208617393
    ],
    "Philophyllia ingens": [
        0.010107777777777778,
        0.003025092920802133
    ],
    "Phylloptera dimidiata": [
        0.020638518518518518,
        0.0031718919524149946
    ],
    "Phylloptera festae": [
        0.025534148148148146,
        0.023726010667151312
    ],
    "Phylloptera panamae": [
        0.014858450704225352,
        0.0028547147255407776
    ],
    "Pycnopalpa bicordata": [
        0.032885952380952384,
        0.0036738670591637945
    ],
    "Steirodon stalii": [
        0.2165900882352941,
        0.011573966828339097
    ],
    "Subria sylvestris": [
        0.12485909677419355,
        0.005664249025568694
    ],
    "Vestria punctata": [
        0.04713842105263158,
        0.002612999602750947
    ],
    "Viadana zetterstedti": 0.00859954268292683
}
